{"license":"","file_hash":null,"name":"Juggernaught","version":"1.1.0","description":"A collection of nodes for educational purposes.\r\n\r\nFor more information, please visit www.learndynamo.com. If you have any questions or find any bugs, please let me know at Jeremy@learndynamo.com\r\n\r\nCheers!\r\n\r\n1.0.7 -- Bug fix on SelectItem.ByList; node not updating correctly.\r\n1.1 -- New Nodes.","group":"","keywords":["juggernaught","learn","dynamo"],"dependencies":[],"contents":"","engine_version":"1.3.2.2480","engine":"dynamo","engine_metadata":"","site_url":"www.learndynamo.com","repository_url":"","contains_binaries":true,"node_libraries":["JuggernaughtCore.customization, Version=1.0.0.0, Culture=neutral, PublicKeyToken=null","JuggernaughtCore, Version=1.0.0.0, Culture=neutral, PublicKeyToken=null","JuggernaughtRevit.customization, Version=1.0.0.0, Culture=neutral, PublicKeyToken=null","JuggernaughtRevit, Version=1.0.0.0, Culture=neutral, PublicKeyToken=null","JuggernaughtUI.customization, Version=1.0.0.0, Culture=neutral, PublicKeyToken=null","JuggernaughtUI, Version=1.0.0.0, Culture=neutral, PublicKeyToken=null"]}