{"license":"","file_hash":null,"name":"WombatDynamo","version":"1.3.2","description":"Woods Bagot Dynamo Utilities - by Andrew Heumann and Brian Ringley","group":"","keywords":["wall.byprofile","polyline","extrusionroof","footprintroof","opening","export","fbx","dwg","buildingpad","curtaingrid","column","level.byname","railing","element","string.format","curve.smartoffset","properties","areas","areaboundaryline","areaplan"],"dependencies":[],"contents":"","engine_version":"1.3.0.875","engine":"dynamo","engine_metadata":"","site_url":"","repository_url":"","contains_binaries":true,"node_libraries":["WombatDynamo, Version=1.3.1.0, Culture=neutral, PublicKeyToken=null","WombatDynamoUINodes, Version=1.3.1.0, Culture=neutral, PublicKeyToken=null"]}