{"license":"","file_hash":null,"name":"Clockwork for Dynamo 1.x","version":"1.0.3","description":"Clockwork is a collection of 380+ custom nodes. It contains many Revit-related nodes, but also lots of nodes for various other purposes such as list management, mathematical operations, string operations, geometric operations (mainly bounding boxes, planes, points, surfaces, UVs and vectors) and paneling. More information: https://github.com/andydandy74/ClockworkForDynamo ","group":"Bad Monkeys","keywords":["clockwork","bad","monkeys"],"dependencies":[],"contents":"PointSequence.GreatestDistanceToPoint - Retrieves the furthest point in a sequence of points, Document.BuiltInParameters - List all the available BuiltInParameters, XYZAxis.FromVector - Returns whichever main axis (X, Y or Z) is closest to a given vector, Object.Members - Gets a list of all members (properties and methods) of a selected element, PathGraph.ShortestPath - Finds the shortest path (fewest steps) between two nodes. The connections input expects a list of value pairs., Room.Boundaries - Gets a list of all boundary elements of a given room or area, Paneling.Quadrilateral - Creates groups of points from a list of UVs or XYZs for the placement of quadrilateral panels. The placement pattern can be reversed (boolean) and shifted (integer)., Vector.Average - Determines the average vector of a list of vectors, Math.Similar - Computes the difference between two values and whether that difference is within a given tolerance factor, All Intersecting Elements Of Category - Finds all elements of a specified category that intersect with a list of vectors, UV.ByXY - Creates UVs from the XY components of point coordinates, PointSequence.ContainsOutOfPlanePoints - Checks a list for XYZs that are not located on a given plane, Document.StartingView - Retrieves the starting view of a Project file. Returns null if no starting view is set., View.DuplicateWithDetailing - Duplicates a given view with detailing, RevitFaceReference.FromDynamoSurface - Returns the underlying Revit face reference of a given surface, Element.Host - Gets an element's host, Room.UnplacedByNameAndNumber - Creates an unplaced room, RevitFace.FromDynamoSurface - Returns the underlying Revit face of a given surface, Room.IsPointInside - Evaluates if a ponti is located inside a given room., Color.ByWebColor - Creates a color from a given web color (a hex triplet like #FF9900), Object.MembersByName - Looks up all the members of a given element based on a given name (or part of a name) of the property or method. Search is case-insensitive., Vector.AltitudeAndAzimuth - Computes the altitude and azimuth of a given vector, List.DropLastItem - Drops the last item from a given list., Wall.Orientation - Gets the orientation of a given wall instance (normal of the exterior face of the wall). Will *not* work for walls hosted on mass faces or in-place walls., DisplayUnit.ToInternalUnit - Converts a value from a given display unit to Revit's internal unit, View.SetPhase - Sets the phase of a given view, Elements.FilterByParameterValueAndCondition - Keine Beschreibung angegeben, TurnIntoList - Turns an element (or a nested list) into a flat list, Group.Ungroup - Ungroups a group and returns the ungrouped elements., Math.IsOddNumber - Checks if a number is odd., FamilyInstance.AddCoping - Adds a coping (cut) to a steel beam, Family.IsInPlace - Determines if a family is an in-place family, Group.Members - Retrieves the members of a group, Math.Ceiling+ - Rounds a number *up* to a specified precision, Element.Group - Retrieves the group an element belongs to (if any), BoundingBox.PerimeterCurvesOnPlane - Returns the perimeter curve of a bounding box on a given plane (assuming that the bounding box and plane intersect), Element.Type - Gets the family type of a given element (if applicable). , Color.GreyscaleByNormalizedValue - Creates a greyscale color based on a normalized value (0 = black, 1 = white), TextNote.ByStringAndPosition - Creates a text note at a given location, Element.Location - Returns the location of an element as an XYZ (or if it's line-based the start and end point of the line), along with some booleans to help filtering the results. Use this for some element types (e.g. walls or lines) that do not work with the built-in Get Family Instance Location node. , Assembly.Members - Retrieves the members of an assembly, Window.Rooms - Gets the rooms that are connected by a given window, Topography.IsSubregion - Filters out everything that is *not* a topo subregion. Needs Revit 2014 or newer to work., AreaSeparator.FromCurve - Creates area separation lines from geometry curves. , PointSequences.ShortestPath - Retrieves the shortest path from a number of point sequences, TextAlignFlags.Middle - Returns the \"Left\" text align flag., Math.NormalizeRange - Normalizes a range of numbers, FamilyInstance.RemoveCoping - Removes a coping (cut) from a steel beam, DividedSurface.VerticalIntersectsByEndpoints - Creates a number of equally spaced vertical intersects for a divided surface based on the path between between two points. You may need to switch start point and end point., Element.ResetOverridesInView - Resets all overrides for an element in a given view, List.AnyFalse - Returns true if any item in a list of booleans is false., FamilyType.SetCompoundLayerWidth - Sets the width of a specified compound layer of a given family type (only applies to family types that have a compound structure, e.g. walls, floors etc.)., UnitType.DisplayUnitType - Retrieves the display unit type for a given unit type. , View.Scale - Returns the scale of a given view, Element.Phases - Gets the created and demolished phases of an element, Document.AddLink - Adds a link to a model to the current document, UV.Swap - Swaps U and V coordinates, Color.Purple - Returns the colour purple., TextAlignFlags.Bottom - Returns the \"Left\" text align flag., Angle.ExteriorAngle - Computes the exterior angle of a given angle., List.NormalizedSequence - Creates a sequence of N values between 0 and 1, List.SublistsContain - Looks for an item in each sublist of a given list and returns true/false for each sublist., Color.Red - Returns the colour red., VersionNumber.ToInteger - Converts a version number (e.g. a Dynamo version number) to an integer., Vector.YAxisNegative - Returns an XYZ of 0,-1,0, Color.Maroon - Returns the colour maroon., RoomTag.Room - Returns the room of a given room tag, TextAlignFlags.Center - Returns the \"Left\" text align flag., Math.IsEvenNumber - Checks if a number is even., WallType.Function - Retrieves the Function property of a given wall type, Color.Fuchsia - Returns the colour fuchsia a.k.a. magenta., Element.Panels - Retrieves the panels nested in a curtain wall, curtain system or glazed roof., WallLocationLine.CoreInterior - Returns the WallLocationLine option for CoreInterior, Element.ContainsTransparentMaterials - Checks if a given element contains transparent materials., Math.AlmostZero - Returns a feasable computational tolerance to zero (1.0e-9 or a billionth of 1) for use in calculations. More background info: https://github.com/DynamoDS/Dynamo/issues/879, View.SetDetailLevel - Sets the detail level of a given view, List.FibonacciFromList - Creates a Fibonacci row from a starting list (last two values) of a given length (starting values do *not* count toward length)., Color.Black - Returns the colour black., Clipboard.GetFrom - Gets the content of the clipboard. ATTENTION: Will only work with strings., List.WithLeadingZeroes - Adds leading zeros to a sequence of numbers, Category.Subcategories - Retrieves all the subcategories for a given category, Paneling.GridFromFace - Returns UV coordinates, XYZ coordinates and normals for a face with UV subdivision, List.RandomElements - Creates a list of random elements based on a given list of elements, FamilyType.SetCompoundLayerMaterial - Sets the material of a specified compound layer of a given family type (only applies to family types that have a compound structure, e.g. walls, floors etc.)., UV.RoundUpToPrecision - Rounds a UV coordinate *up* to a specified precision, RoomTag.SetType - Changes the family type of a given room tag to the specified type, DividedSurface.AddIntersect - Adds an intersect to a divided surface, Vector.IntersectionWithVector - Determines if two vectors intersect and returns the closest points of intersection on both vectors., DetailLevel.Fine - Returns the fine detail level, Geometry.FurthestFrom - Finds the furthest entity in a list of geometric entities from another given entity, WallLocationLine.CoreCenterline - Returns the WallLocationLine option for CoreCenterLine, Dimension.SetType - Changes the dimension type of a given dimension instance to the specified type, Wall.ByFace - Creates a wall on top of a face. The face typically needs to be the face of a mass surface in Revit., Color.White - Returns the colour white., View.SolarStudyTotalFrames - Retrieves the number of frames of a solar study for a given view (if the view's sun and shadow settings are indeed set to single or multi day study), Time.EvaluateLapTimes - Evaluates a list of lap times and returns the overall time, Schedule.KeyScheduleParameterName - If the schedule is a key schedule, the node returns the name of the key schedule parameter. , PointSequence.AccumulatedDistance - Retrieves the accumulated distances of a sequence of points, Document.ProjectParameters - Retrieves all project parameters and the categories they have been assigned to, Door.Rooms - Gets the rooms that are connected by a given door, View.SetDesignOption - Sets the view to a given design option. PLEASE NOTE: This node is kind of hacky. It does not use the design option settings in the visibility / graphic overrides. Instead it sets the view property \"Visible in Option\" to *one* specific design option - which also means that the symbolic representation of this view is only visible in views that display the given design options., Paneling.ShiftPlacementAndReverse - Shifts (integer) and reverses (bool) a given list, Hypotenuse.ByPythagoras - Computes the length of the hypotenuse of a right triangle using the Pythagorean Theorem. A and B are the legs / catheti of the triangle., TextElement.SetText - Sets the text of a given text element (i.e. text note or model text), CurtainPanel.HostPanel - Retrieves the host panel of a given curtain panel. This is typcially needed when wanting to access wall elements used as curtain panels., List.SortListOfLists - Sorts a list of lists by one of its sublists, Document.ProjectInfo - Gets the project information., Math.Normalize - Converts a value into a normalized value according to a value range, Color.Olive - Returns the colour olive., Elements.FilterByName - Retrieves those elements from a collection whose names match the search string, View.ConvertTemporaryHideIsolateToPermanent - Convert all temporary hidden elements or categories to permanently hidden in the given view., FamilyInstance.SuperComponent - Retrieves the supercomponent of a given family instance, ViewSheetSet.Views - Retrieves all the views/sheets in a given view/sheet set., WallLocationLine.CoreExterior - Returns the WallLocationLine option for CoreExterior, View.ViewTemplate - Returns the view template assigned to a given view (if one is assigned), Array.AssociatedFamilyParameter - Returns the associated family parameter of an array label (if any). PLEASE NOTE: This node will only work in a family document!, Element.Name+ - Gets an element's name (Dynamo's built-in Name nodes don't work for all element types, e.g. worksets...), Assembly.Disassemble - Disassembles an assembly and returns its members, View.CategoryIsVisible - Checks if a given category is visible in a given view, View.DetailLevel - Retrieves the detail level of a given view, Element.ByID - Gets the Revit element(s) for a list of IDs (or a single ID), View.DisableTemporaryHideIsolate - Disables the temporary hide/isolate for the given view (if set), View.Type - Returns the type of a given view, View.SetSolarStudyActiveFrameNumber - Sets the active frame number of the solar study in a given view, Document.ContainsElementsOfCategory - Checks if family instances of specified categories are present in the model., Color.Navy - Returns the colour navy., Point.Average - Determines the average of a list of points, Geometry.ClosestTo - Finds the closest entity in a list of geometric entities from another given entity, String.AlphanumericToMorse - Converts an alphanumeric string to Morse code, View.ResizeCropBox - Resizes the bounding box of a given Revit element by the specified amount in X, Y and Z direction. May need to be used in conjunction with a Transaction node., FamilyType.Duplicate - Duplicates a family type, Element.Workset - Retrieves the workset of a given element, PlaceholderSheet.ByNumberAndName - Creates placeholder sheets, DetailLevel.Medium - Returns the medium detail level, List.FromCSV - Converts the content of a given CSV file to a list, Workset.Kind - Retrieves the kind of a given workset, DirectShape.FromRevitGeometry - Creates a DirectShape from native Revit geometry objects, String.ReplaceIllegalFilenameCharacters - Replaces all characters in a string that are illegal characters for filenames, Element.Materials - Retrieves all materials froma given element, Element.OwnerView - Gets the owner view of a given Revit element (if possible), Element.Geometry+ - Returns Dynamo AND native Revit geometry of a given element, All View-Dependent Family Instances Of Category - Gets all view-dependent family instances in a given view for a given list of categories - useful for finding annotation elements, CustomNode.Info - Extracts information from a custom node., Room.InsertsOfBoundariesByCategory - Retrieves the inserts of the bounding elements of a given room - filtered by a given category., String.ReplaceRegularExpression - Replaces all occurences of a regular expression within a given string (or list of strings) with another string. The syntax for regular expressions is explained at\r\nhttp://ironpython-test.readthedocs.org/en/latest/howto/regex.html, All Placed Family Types of Category - Retrieves all family types of a given category that have *placed* instances, FamilyInstance.ByCurve - Places a line-based family instance on a given level, DividedSurface.HorizontalIntersectsByEndpoints - Creates a number of equally spaced horizontal intersects for a divided surface based on the path between between two points. , Color.Lime - Returns the colour lime., File.WriteToCSV - Writes data to a CSV file with a custom delimiter. Data inputs needs to contain strings only!, Side.ByLawOfSines - Determines the length of a side based on the law of sines. (Alpha is the angle opposite side A and beta is the angle opposite side B...), Subcategory.ByName - Creates a new subcategory for a given element category in a *family document* (unless a subcategory of that name already exists - in that case it returns the existing subcategory), Roof.SlabShapeHasBeenModified - Checks if the shape of a roof slab has been modified with the shape editing tools, Assembly.FromElements - Creates an assembly from a list of elements, Paneling.TriangularFlatDiagonal - Creates groups of points from a list of UVs or XYZs for the placement of triangular panels. The placement pattern can be reversed (boolean) and shifted (integer)., Wall.Flip - Flips the  orientation of a given wall - DO ***NOT*** USE IN AUTOMATIC MODE, Assembly.RemoveMembers - Removes any given elements to a given assembly., RevitUV.ToDynamoUV - Converts Revit UV coordinates to Dynamo UV coordinates, Directory.Contents+ - Unlike the built-in node Directory.Contents, this node browses a directory recursively and returns all relevant files contained in subfolders as well., SelectionSet.Elements - Retrieves all elements stored in a selection set, View.IsPerspective - Checks whether a given view is a perspective view., Part.SourceElement - Retrieves the element a given part was made from, UV.RoundToPrecision - Rounds a UV coordinate to a specified precision, SelectionSet.ByElements - Creates a selection set of the given elements. Note that if a selection set of the given name already exists in the model, its contents will be replaced. Also, if the selection set is already applied as a view filter, the view filter will have to be manually updated in the visibility / graphic overrides. DO ***NOT*** USE IN AUTOMATIC MODE!, Document.SynchronizeWithCentral - Synchronizes a workshared model with the central model., DesignOption.DesignOptionSet - Returns the design option set of a given design option, PerspectiveView.OrientToEyeAndTargetPosition - Sets the orientation of a given perspective view based on a given eye and target position, List.GroupListOfListsByKey - Groups a list of lists by one of its keys, Group.FromElements - Creates a group from a list of Revit elements, Paneling.QuadrilateralAlternatingRows - Creates groups of points from a list of UVs or XYZs for the placement of quadrilateral panels in alternating rows. The placement pattern can be reversed (boolean) and shifted (integer)., RoomSeparator.FromCurve - Creates room separation lines from geometry curves. , Paneling.QuadrilateralCheckerboard - Creates groups of points from a list of UVs or XYZs for the placement of quadrilateral panels in a checkerboard pattern. The placement pattern can be reversed (boolean) and shifted (integer)., Element.Level - Gets an element's level, All Family Types Of Category - Gets all family types/symbols of a given category in the model  (does *not *work for system families), Element.SetName - Gets the name of a given Revit element, FamilyInstance.SetType - Changes the family type of a given family instance to the specified type, View.Duplicate - Duplicates a given view, Room.IsUnbounded - Checks whether a room is unbounded., List.FilterBySublistLength - Filters out all sublists that do not have the specified length, Roof.SlabShapeByPoints - Transform a slab shape based on a list of XYZs. PLEASE NOTE: Will reset any previous edits on the slab shape., ReturnListOrSingleValue - If the unknown item is not a list but rather a single item, only the first item of the list (input \"seq\") will be returned., Level.Plane - Retrieves the plane of a given level, List.NormalizedSequenceByFunction - Creates a sequence of N values between 0 and 1 driven by a function, Elements.GroupByHost - Groups a list of Revit elements by their respective hosts (if they have any), DetailComponent.ByCurve - Places a line-based detail component in a given view, Point.RoundToPrecision - Rounds a point coordinate to a specified precision, InternalUnit.ToDisplayUnit - Converts a value from Revit's internal unit to a given display unit, All Families Of Category - Gets all famiies of a given category in the model  (does *not *work for system families), View.Direction - Returns the direction of a view, View.DuplicateAsDependent - Duplicates a given view as a dependent view, MassFloor.Mass - Gets the mass a given mass floor belongs to, TextAlignFlags.Right - Returns the \"Left\" text align flag., Triangle.SolveByPoints - Solves a triangle based on the XYZ coordinates of its vertices., TextAlignFlags.Top - Returns the \"Left\" text align flag., Angle.ByAngleSum - Computes the missing interior angle of a *planar* polygon based on a given list of all other interior angles. , Sheet.Scale - Returns the scale of a given sheet, Color.Silver - Returns the colour silver., Wall.CreationMethod - Retrieves the creation method of a given wall, UV.ConvexHull2D - Computes the convex hull of a given set of UV coordinates based on the monotone chain algorithm, BoundingBox.ByElement - Gets the bounding box of a Revit element, Element.FromDynamoSurface - Returns the underlying Revit element of a given face, PathGraph.ByPairs - Builds a path graph (Python dictionary) from a list of value pairs., RevitColor.FromDynamoColor - Creates a Revit color from a Dynamo color, Element.AssociatedFamilyParameters - Returns the associated family parameters of an element in a family (and the respective element parameters). PLEASE NOTE: This node will only work in a family document!, Surface.IsPlanar - Checks whether a face is planar, Application.Version - Retrieves the name, version and build of the current Revit application., FamilyDocument.CurrentFamilyType - Retrieves the current family type from the active family document. PLEASE NOTE: This node will only work in a family document!, SpotElevation.ByFloorPlanAndPoint - Places a spot elevation at a given point in a given floor plan., WallLocationLine.FinishFaceExterior - Returns the WallLocationLine option for FinishFaceExterior, Color.Grey - Returns the colour grey., DividedSurface.HorizontalIntersectsByEndpointsAndFunction - Creates a number of horizontal intersects (levels)for a divided surface based on the path between two points. The spacing of the intersects can be controlled by a function., List.MatchWithKeyValues - Matches a list with a given set of keys and returns the values corresponding to the keys, Math.IsMultipleOf - Checks if A is a multiple of B., Document.LoadFamily - A very crude implementation of family loading. Will *not* reload an already loaded family of the same name., RevisionCloud.FromElements - Create a revision cloud for a list of Revit elements, Document.Worksets - Returns all Worksets in the current document, RevitColor.ToDynamoColor - Converts Revit colors into Dynamo colors, Level.Views - Returns all views associated with a given level, Angle.ByLawOfCosines - Computes an angle of a triangle using the law of cosines. A is the opposite side of the triangle while B and C are the sides forming the angle., Material.Duplicate - Duplicates a material, TextAlignFlags.Left - Returns the \"Left\" text align flag., Element.AllInstancesAtLevel - Retrieves all instances of an element on a given level, FamilyInstance.ByPointInView - Places a family instance at a given point in a given view (e.g. a detail component)., String.MorseToAlphanumeric - Converts a string in Morse code to alphanumeric, BuiltInCategory.ByName - Looks up all the built-in categories based on a given name (or part of a name) of the category. Search is case-insensitive., All Elements of Family Type+ - Unlike the built-in  node, this node retrieves all placed instances of a given loadable *or* system family type, View.Phase - Returns the phase of a given view, FamilyInstance.CopingElements - Returns all elements used as coping cutters for a given element., Document.ActiveViewFromCurrentDocument - Gets the active view of the current document, Mesh.FaceVertices - Gets the vertices of each face of a given mesh, List.FibonacciFromValues - Creates a Fibonacci row from two starting values of a given length (starting values do *not* count toward length)., Vector.ZAxisNegative - Returns an XYZ of 0,0,-1, Paneling.BuildTriangularSublists - Creates sublists of three items each from a list based on given indices, shift and reverse settings and offset., Document.SaveAs - Saves the active Revit document under the given name., DividedSurface.VerticalIntersectsByEndpointsAndFunction - Creates a number of vertical intersects (reference planes) for a divided surface based on the path between between two points. The spacing can be controlled by a function. You may need to switch start point and end point., CurtainSystem.ByFace - Creates a curtain system on top of a face. The face typically needs to be the face of a mass surface in Revit., Math.Round+ - Rounds a number to a specified precision, String.FindRegularExpression - Returns all occurences of a regular expression within a string (or list of strings). The syntax for regular expressions is explained at\r\nhttp://ironpython-test.readthedocs.org/en/latest/howto/regex.html, FamilyType.CompoundStructureHasVariableLayer - Checks if the compound structure of a given floor or roof type contains a variable layer., FamilyParameter.Properties - Retrieves all properties of a given family parameter. PLEASE NOTE: This node will only work in a family document!, StructuralFoundation.Kind - Retrieves the kind of a given structural foundation (isolated, wall, slab)., FamilyType.CompoundStructureLayers - Retrieves the compound layers of any layered family type (wall types, roof types, floor types etc.), Point.IsOutOfPlane - Checks a list for XYZs that are not located on a given plane, Element.Category - Returns the category of a given element, List.ReplaceEmptyLists - Replaces all empty lists within a given list with a substitute, Element.JoinGeometry - Joins two model elements (if possible). Only works inside the project environment., Element.ParameterExists - Checks if an element contains a parameter of a given name, Room.Windows - Retrieves all windows that are associated with a room (hosted in walls and roofs)., FamilyInstance.FlipFromToRoom - Flips the settings of \"From Room\" and \"To Room\" for any given door or window instance. , Element.SetMaterialParameterByCategory - Sets a material parameter of a given element to <By Category>, List.CountOccurences - Counts the number of occurences of each unique element in a given list, FamilyInstance.FlipHandOrientation - Flips the hand orientation of a given family instance, RevitBoundingBox.FromDynamoBoundingBox - Turns a Dynamo bounding box into a Revit bounding box., String.MatchRegularExpression - Determines if a regular expression matches a string (or a list of strings) and returns a boolean value (or a list, depending on the input). The syntax for regular expressions is explained at\r\nhttp://ironpython-test.readthedocs.org/en/latest/howto/regex.html, Math.DecimalToHex - Converts a number to a string of its hexadecimal value, Time.LapTime - Records a timestamp and adds it to a given list of lap times. Also passes through an arbitrary variable for integration into a graph., Element.CopyByVector - Copies an element or a list of elements by a given vector., Floor.SlabShapeByPoints - Transform a slab shape based on a list of XYZs. PLEASE NOTE: Will reset any previous edits on the slab shape., String.CompileRegularExpression - This is a helper node for setting certain flags for the Regular Expresssion nodes.\r\nhttp://ironpython-test.readthedocs.org/en/latest/howto/regex.html, Document.Default3DView - Returns the default 3D view of the current model (if there is such a view), Cathetus.ByPythagoras - Computes the length of one of the catheti / legs of a right triangle using the Pythagorean Theorem. B is the other leg / cathetus of the triangle while C is the hypotenuse., Assembly.AddMembers - Adds any given elements to a given assembly., Point.RoundDownToPrecision - Rounds a point coordinate *down* to a specified precision, String.HexToDecimal - Converts a string of a hexadecimal value to a number, FamilyInstance.HandOrientation - Gets the hand orientation of a hosted object (e.g. a window or a door), Vector.IntersectionWithPlane - Finds the intersection point between a plane and a vector, Math.Floor+ - Rounds a number *down* to a specified precision, List.EqualSublistLengths - Trims all given lists to the length of the shortest list, WallLocationLine.FinishFaceInterior - Returns the WallLocationLine option for FinishFaceInterior, Roof.CreationMethod - Retrieves the creation method of a given roof, View.UsesViewFilters - Checks if a given view has any view filters applied to it., Buckyball.ByOriginAndRadius - Returns all the data necessary for modeling a truncated icosahedron (vertices and struts) as well as the surface area and volume. , Point.CentralProjectionOnFace - Projects a list of points onto a given face, Vector.XAxisNegative - Returns an XYZ of -1,0,0, Grid.Plane - Retrieves the plane of a grid, Clipboard.SendTo - Copies a string to the clipboard. , GlobalParameter.GetValue - Gets the value of a global parameter (only in Revit 2016 R2 or later)., Element.Inserts - Gets all the objects inserted into a given element., Vector.IsOrthogonalToVector - Checks if two vectors are orthogonal to each other, Element.IsRelatedToMass - Returns true if an object (wall, roof, floor or curtain system) has been modelled by face and the underlying mass still exists in the project., DetailLine.FromCurve - Creates a detail line based on a given curve, BoundingBox.PerimeterCurvesByNormal - Returns the perimeter curve of a bounding box on a plane determined by a given normal and the centroid of the bounding box, List.SublistLengths - Gets the lengths of all sublists in a given list of lists., WallType.Kind - Retrieves the wall kind of a given wall type, List.FromString - Chops up a string into a list of characters, FamilyType.FamilyName - Returns the *family* name of a given family *type*, FamilyDocument.FamilyTypes - Retrieves all family types from the active family document. PLEASE NOTE: This node will only work in a family document!, String.BinaryToDecimal - Converts a string of a binary number into a decimal value, Paneling.Quadrilateral2byX - Keine Beschreibung angegeben, Room.AtPointInPhase - Tries to retrieve a room element at the given location for the given phase., List.JoinByKey - Joins two lists by common keys., Room.InsertsOfBoundaries - Retrieves the inserts of the bounding elements of a given room., Point.RoundUpToPrecision - Rounds a point coordinate *up* to a specified precision, Color.Green - Returns the colour green., Dimension.AssociatedFamilyParameter - Returns the associated family parameter of a dimension label (if any). PLEASE NOTE: This node will only work in a family document!, Element.CutGeometry - Adds a solid-solid cut for two model elements (if possible). , Room.Doors - Retrieves all doors that are associated with a room (hosted in walls and roofs)., Character.ToNumber - Converts an Excel-style character to a number (e.g. A = 1, AA = 27 etc.)., Passthrough - Forces a sequential order of execution. The node wired into the output of the Passthrough node will be executed *after* the node wired into the waitFor input (e.g. important for some Revit operations). The value of the passThrough input will be passed on to the node wired into the output port of the Passthrough node., Math.RandomIntegerList - Creates a list of random integers between 0 and a given maximum value, View3D.IsLocked - Checks if a given view is locked, List.AlphabeticalSequence - Creates a list of the first N letters of the alphabet  (where 1 = A, 2 = B, ... , 27 = AA, 28 = AB etc.)., FamilyInstance.FlipFacingOrientation - Flips the facing orientation of a given family instance, List.CountBooleanSequences - Retrieves the lengths of uninterrupted sequences of booleans (true or false) in a given list., Element.ID - Gets the ID(s) for a list of Revit elements (or a single element) - unlike the built-in Element.Id node, this node returns an actual Revit Element ID and *not* a number, DividedSurface.EvaluateGridNodes - Returns UV and XYZ coordinates as well as surface normals for all grid nodes of a given divided surface. Also returns the underlying face., PathGraph.AllPaths - Finds all possible paths between two nodes.  The connections input expects a list of value pairs., Paneling.InvertAndMirrorNormalizedValues - Inverts and mirrors (horizontally & vertically) a nested list of normalized values., Document.Views - Gets all views in the document - except for 3D view templates (as long as this bug is not fixed: https://github.com/DynamoDS/Dynamo/issues/2970), Paneling.TriangularSubpattern - Subcomponent of the Triangular Pattern From Grid node., Angle.ByLawOfSines - Determines the angle of a triangle based on the law of sines. (Alpha is the angle opposite side A and beta is the angle opposite side B...), SpaceSeparator.FromCurve - Creates space separation lines from geometry curves. , List.AnyTrue - Returns true if any item in a list of booleans is true., Element.AllViewDependentInstances - Retrieves all instances of a view-dependent element in a given view, Math.ScaleNormalized - Scales a normalized value according to a given minimum and maximum, Element.IsOfCategory - Checks whether an element is of a specified category, Math.InvertNormalized - Inverts a value between 0 and 1 to its opposite (1-x), View.IsViewTemplate - Checks if a given view is a view template, Color.Aqua - Returns the colour aqua., View.Plane - Retrieves the plane of a given view, Element.ElevationOfHostLevel - Returns the elevation of the level a given element is associated with, TextElement.Text - Gets the text stored in a text element (i.e. text note or model text), List.RepeatItemsByLengths - Repeats a list of items into sublists of given lengths, Color.Blue - Returns the colour blue., -1 - Decrements a value by 1, Plane.ByBestFitFromFace - Creates a plane from face, Document.ProjectParametersByCategory - Retrieves all project parameters for a given category, Plane.ByFirst3Points - Returns a plane, its origin and its normal based on the first three XYZs in a given list, Element.TemporarilyIsolateInView - (Temporarily) isolates elements in the given view, RevisionCloud.FromCurves - Creates a revision cloud from a list of geometry curves. , ModelCurve.Type - Gets the type of a given model curve, Element.Area - Returns the area property of a given element (if that element has such a property), List.ReplaceItemAtIndex+ - Replaces the item at a given index (or list of indices) of a list by another item, Mesh.IntersectionWithPlane - Calculates the intersection of a mesh and a plane, Topography.IntersectionWithPlane - Calculates the intersection of a toposurface and a plane, +1 - Increments a value by 1, Document.IsWorkshared - Returns true if the current project is workshared, List.Chop+ - Turns a list into a list of lists with sublists of varying lengths., Character.FromNumber - Converts a number into a character (where 1 = A, 2 = B, ... , 27 = AA, 28 = AB etc.)., Element.OverrideTransparencyInView - Overrides the transparency of an element in a given view, Sheet.Schedules - Returns all schedules placed on a specified sheet , Vector.IsInPlane - Checks if a given vector is located on a given plane, Document.BuiltInCategories - List all the available BuiltInCategories, Vector.PruneDuplicates - Prune vectors to exclude duplicates within a given tolerance, Switch - Emulates the Switch/Case statement that is  available in multiple programming languages., Element.ExternalFileReferencePath - Returns the full path of an element's external file reference as as string, OppositeSide.ByLawOfCosines - Computes the length of the missing side of a triangle using the law of cosines. Gamma is the angle between sides A and B., BuiltInParameter.ByName - Looks up all the built-in parameters based on a given name (or part of a name) of the parameters. Search is case-insensitive., FamilyInstance.SetLevel - Sets the level property of a family instance. Family instance will move accordingly., DetailLevel.Coarse - Returns the coarse detail level, Paneling.Hexagonal - Creates groups of points from a list of UVs or XYZs for the placement of hexagonal panels. The placement pattern can be reversed (boolean) and shifted (integer)., FamilyInstance.SubComponents - Retrieves all subcomponents of a given family instance, Material.Properties - Retrieves a number of properties froma given material, List.IsNotEmpty - Just the inversion of the built-in Is Empty List node., Document.LinksAndImports - Gets all linked and imported files in the document. NOTE: Does *not* retrieve linked Revit files., UV.RoundDownToPrecision - Rounds a UV coordinate *down* to a specified precision, Color.Teal - Returns the colour teal., Curve.ClosedLoopThroughPoints - Creates a *closed* loop of curves based on a given list of points, FootingType.BreaksAtInserts - Determines whether a list of wall footing types break at inserts in their attached walls, Math.DecimalToBinary - Converts a number to a string of its binary value, String.Replace+ - Replaces multiple items in a given string. Items in the string have to be denoted as {0], {1}, ..., {n} - corresponding to the respective list index of the replacement string., Document.ProjectPosition - Gets the project's position data relative to the origin. Use the built-in nodes Location.Latitude & Location.Longitude to retrieve latitude and longitude., UV.PruneDuplicates - Prune UVs to exclude duplicates within a given tolerance, Color.Yellow - Returns the colour yellow., UV.Average - Determines the average of a list of UVs, Element.SetWorkset - Sets the workset of a given element, AngleBisector.ByPoints - Retrieves the vector of an angle bisector at point B based on three points (A, B, C) that define the angle. , List.ReplaceNull - Replaces all null values within a given list with a substitute, Element.CopyToLevel - Copies an element or a list of elements to a given level. Preserves the element's transform. PLEASE NOTE: This node only works for levels that have at least one view (e.g. floor plan) associated with them., Document.DesignOptions - Returns all design options in the model, grouped by design option set, Normal.CorrectOrientation - Inverts normal A if its inversion is closer to normal B, Roof.Kind - Retrieves the roof kind (Basic, Glazed, Other). PLEASE NOTE: Roofs that were created by face will be identified as 'Other', Point.CentralProjectionOnPlane - Projects a list of points onto a given plane, UV.IsInsidePolygon - Determines if a point is inside the space enclosed by a polygon, DimensionType.Style - Gets the style of a given Revit dimension type, BoundingBox.ByElements - Retrieves a bounding box for a list of elements, RoomSequence.ToDoorSequence - Retrieves a sequence of doors connecting a given sequence of rooms (if possible), Element.AllInstances - Retrieves all instances of a given element, Vector.IsParallelToPlane - Checks if a given vector is parallel to a given plane, String.SplitByRegularExpression - Splits a given string by a regular expression. The syntax for regular expressions is explained at\r\nhttp://ironpython-test.readthedocs.org/en/latest/howto/regex.html, WallLocationLine.WallCenterline - Returns the WallLocationLine option for WallCenterLine, Element.ParameterIsReadOnly - Checks if a parameter of a given element is read-only, Surface.FilterByOrientation - Sorts surfaces in three lists based on their orientation (vertical, horizontal up & horizontal down) and also returns three corresponding lists of booleans., Element.PermanentlyIsolateInView - (Permanently) isolates elements in the given view, FamilyDocument.FamilyParameters - Retrieves all family parameters from the active family document. PLEASE NOTE: This node will only work in a family document!, ThirdXYZAxis.ByTwoVectors - Given two main XYZ axes (or vectors pointing more or less in thei general direction), this node will find the third axis., Floor.SlabShapeHasBeenModified - Checks if the shape of a floor slab has been modified with the shape editing tools, Document.Phases - Retrieves all phases in the active document in *chronological* order, Paneling.DropLastRowAndColumn - Drops the last row and column from a UV field","engine_version":"1.0.0.1180","engine":"dynamo","engine_metadata":"","site_url":"https://github.com/andydandy74/ClockworkForDynamo","repository_url":"https://github.com/andydandy74/ClockworkForDynamo","contains_binaries":true,"node_libraries":[]}