{"license":"GNU","file_hash":null,"name":"Slingshot! for Dynamo","version":"2014.11.30","description":"Slingshot! is a node library for connecting Dynamo (0.7.4) to external Relational Database Management Systems (RDBMS).  The library includes node interfaces for MySQL, SQLite and other databases supporting ODBC and OLE DB connections.  Slingshot also includes nodes for helping users construct commands and queries with the SQL language. Slingshot an open source tool and is authored by Nathan Miller  http://TheProvingGround.org","group":"The Proving Ground","keywords":["interoperability","database","mysql","sqlite"],"dependencies":[],"contents":"","engine_version":"0.7.4.3245","engine":"dynamo","engine_metadata":"","site_url":"http://TheProvingGround.org","repository_url":"https://bitbucket.org/archinate/slingshot","contains_binaries":true,"node_libraries":["Slingshot, Version=2014.11.29.0, Culture=neutral, PublicKeyToken=null"]}