{"license":"","file_hash":null,"name":"DynamoAutomation","version":"1.3.1","description":"Batch process Revit models by driving Revit (and the Dynamo addin) from the outside using the Dynamo sandbox.","group":"Bad Monkeys","keywords":["automation","batch","processing","bad","monkeys"],"dependencies":[{"name":"Clockwork for Dynamo 1.x","version":"1.0.3"}],"contents":"Config.Read - Reads a configuration file at a given filepath. Items in the config file need to be separated by line breaks. Expected format for each item is key=value, JournalFiles.Cleanup - Moves all journal files created during a batch-processing operation to a specified directory, RevitAddinsPath.ByVersion - Returns the path of Revit Addins folder based on a given Revit version, RevitExecutablePath.ByVersion - Returns the path of Revit.exe based on a given Revit version","engine_version":"1.3.0.875","engine":"dynamo","engine_metadata":"","site_url":"https://github.com/andydandy74/DynamoAutomation","repository_url":"https://github.com/andydandy74/DynamoAutomation","contains_binaries":true,"node_libraries":["DynamoAutomation, Version=1.0.0.0, Culture=neutral, PublicKeyToken=null"]}